ID,Prediction,0,,Prediction
1000,to lie to you so you,1,OUTSIDE,OUTSIDE
1001,treating the symptoms than getting at the root cause of the disease ( toxins ),1,OUTSIDE,i you
1002,undermining the freedom,1,OUTSIDE,OUTSIDE
1003,carrying an entire family,1,OUTSIDE,guy way his
1004,to isis obola obviously,0,to isis obola obviously,to isis obola obviously
1005,buying their weed buying a sandwich,1,OUTSIDE,they we their weed
1006,OUTSIDE,1,OUTSIDE,himself me he sense
1007,to blow up the system to to bring about positive change,0,to blow up the system to to bring about positive change,OUTSIDE
1008,OUTSIDE,1,OUTSIDE,window car i it part that my
1009,"winning thats so booring man ""winning .. we ca nt""",1,OUTSIDE,thats man team we that
1010,OUTSIDE,1,OUTSIDE,numbnut the and you would if entire
1011,bleeding heart,1,OUTSIDE,it nazi african
1012,using your tax dollars to to drive to the liquor store in his Cadillac to to purchase illegal drugs with foodstamps,1,OUTSIDE,his he this dollars tax cadillac your
1013,to defend ourselves you,1,OUTSIDE,ourselves us we world you
1014,OUTSIDE,1,OUTSIDE,this wow trump gop group part
1015,finishing homestuck in a manner,1,OUTSIDE,hiveswap i gee hiatuses time
1016,OUTSIDE,1,OUTSIDE,they order them you
1017,to desire the same sex to do so,1,OUTSIDE,it
1019,considering considering hacking releasing GOP email to handle the tit-for-tat response to Russian interference in our elections,0,considering considering hacking releasing GOP email to handle the tit-for-tat response to Russian interference in our elections,obama our i team elections gop russian response considering hacking
1020,OUTSIDE,1,OUTSIDE,they way their reddit
1022,OUTSIDE,1,OUTSIDE,i problems insulin pill
1023,coming inherently with the operating system to use a third-party app to to maintain your freedom instead of it,1,OUTSIDE,freedom it you me your
1024,wearing the shirt clearly to act like a badass,1,OUTSIDE,badass
1025,being ambitious using a model similar to that of the rest of the industrialized world to fix a broken system,1,OUTSIDE,them
1026,OUTSIDE,1,OUTSIDE,women i guy effect things
1027,to keep them out it will,1,OUTSIDE,they it them firewall
1028,OUTSIDE,1,OUTSIDE,they friends it my me
1029,OUTSIDE,1,OUTSIDE,i it game
1030,"considering all those amazing 12 year olds ""smurfing in lem """,1,OUTSIDE,case that lem you year
1031,OUTSIDE,1,OUTSIDE,meters america them situation you me
1032,spotting cheaters because you,0,spotting cheaters because you,it vac pre you
1033,OUTSIDE,1,OUTSIDE,they wage
1034,having any fun having double the fun,1,OUTSIDE,i fun
1035,to pick up,0,to pick up,they he mother guy me your
1036,to see a particular comment in a sub with 88000 subscribers totally,1,OUTSIDE,comment picture
1037,OUTSIDE,1,OUTSIDE,me baron
1038,firing sound,1,OUTSIDE,me his dmr
1039,smuggling pit bulls in his jacket to see him way down there in the ring,1,OUTSIDE,him his he jacket we way gorilla
1040,going home to going on vacation unless this game to see their family,1,OUTSIDE,their day everyone family game thread
1041,getting being to dry,1,OUTSIDE,they getting support it hardline being
1042,harming anyone to dictate,1,OUTSIDE,they their it regardless everyone lives
1043,OUTSIDE,1,OUTSIDE,he i it comic atheist
1044,to come up with a new set,1,OUTSIDE,it
1045,OUTSIDE,1,OUTSIDE,me core usa industry
1047,OUTSIDE,1,OUTSIDE,iraq
1048,bring them along slowly nonsense,1,OUTSIDE,it him them he
1049,OUTSIDE,1,OUTSIDE,himself cutler his team leader
1051,OUTSIDE,1,OUTSIDE,his get jihadists ibrahim hayfever your ass
1052,to i only the omg,0,to i only the omg,to i only the omg
1053,having him as an ambassador would,1,OUTSIDE,him british he
1054,to keep in mind that people would never,1,OUTSIDE,it
1055,OUTSIDE,1,OUTSIDE,i bigots bus they
1056,coming up with groundbreaking new to be fair to insert his name into the game,1,OUTSIDE,he his name ways time game
1057,acting like dota to suit up,1,OUTSIDE,dota
1058,Looking at his body he already to achieve this adaption he,1,OUTSIDE,him his he body adaption
1059,to give up,1,OUTSIDE,i 300lbs it pcos
1060,patting yourself on the back Bernie mentioning,0,patting yourself on the back Bernie mentioning,yourself candidate bernie mentioning pac you money
1061,OUTSIDE,1,OUTSIDE,competition he his someone you
1062,"""talking about chogall only"" trying them in try mode first to take heroes to to vs ai without",0,"""talking about chogall only"" trying them in try mode first to take heroes to to vs ai without",i them you
1063,making it up to have been sexually assaulted must,1,OUTSIDE,it woman
1064,to post images of a chat log on steam,1,OUTSIDE,him skins op you your
1065,happening,1,OUTSIDE,i priests catholicism happening me vatican
1066,to protect the constitution then no one will to be cops,1,OUTSIDE,they constitution buh
1067,OUTSIDE,1,OUTSIDE,rapper album drake you
1068,to play kickball he to be picked,1,OUTSIDE,him he kickball that gos
1070,to rape,1,OUTSIDE,they ride
1071,OUTSIDE,1,OUTSIDE,OUTSIDE
1072,wetting our bedsheets cutting in eyeholes in them hurting America,1,OUTSIDE,america our i them we bedsheets
1074,buying it for the ipad pro lighting cable,1,OUTSIDE,they it usb you
1075,OUTSIDE,1,OUTSIDE,question you dare god
1076,OUTSIDE,1,OUTSIDE,fps it my you me
1077,being Muslim,1,OUTSIDE,they obama ofc i journalism fox muslim tyt
1078,OUTSIDE,1,OUTSIDE,it them clearly
1079,fucking to god I will,1,OUTSIDE,fucking i room you your eyes
1080,OUTSIDE,1,OUTSIDE,fps
1081,grinding up the lung capacity stat for a mandatory swimming mission in San Andreas,1,OUTSIDE,mission auto part swimming my theft
1082,"""waiting for the inevitable fake  leak""",1,OUTSIDE,i them we that leak
1083,to see all the food you,1,OUTSIDE,i you
1084,making me edgier while using my 17 minute battery life,1,OUTSIDE,apple minute it battery my me hand
1085,getting into a fist fight against a guy with a baseball bat,1,OUTSIDE,i ideas your advice
1086,OUTSIDE,1,OUTSIDE,journalism them articles
1087,to see game,1,OUTSIDE,they mls i couple you
1088,OUTSIDE,1,OUTSIDE,friends it hydrogen you your
1089,going with your cool job,0,going with your cool job,job sir day coment you your
1091,taking my medication anymore,1,OUTSIDE,his medication my logic anything medicine
1092,being in this sub to sit in the circle,1,OUTSIDE,sub listen you
1093,OUTSIDE,1,OUTSIDE,shells we makshift that things drinking water
1094,OUTSIDE,1,OUTSIDE,i omg ysk op
1095,OUTSIDE,1,OUTSIDE,i did that
1096,i me it you,0,i me it you,i me it you
1097,researching it yourself,0,researching it yourself,it dont fox yourself
1099,having some of the most prominent scientists,1,OUTSIDE,gamble culture it your scientists
1100,to apply Quantum physics to the big-world should,1,OUTSIDE,anyone quantum
1101,to get a fast break score,1,OUTSIDE,break his course we someone time playing
1102,censoring all criticism,1,OUTSIDE,OUTSIDE
1103,to see any more funny pictures like this from him in the future,0,to see any more funny pictures like this from him in the future,him he pictures we you
1104,to be black,1,OUTSIDE,reason him that he
1105,being honest with you convincing you to to have sex with me,1,OUTSIDE,this i sex you me
1106,to bring him down for no reason,1,OUTSIDE,guy him leader
1107,OUTSIDE,1,OUTSIDE,they we it arm
1108,facing in their everyday,1,OUTSIDE,they real their everyday have
1109,OUTSIDE,1,OUTSIDE,they china icbm
1110,OUTSIDE,1,OUTSIDE,i me bungie
1111,coming after weeks of anyone not blindly going along with UKIPs vision of Brexit being called a traitor,1,OUTSIDE,ukips brexit noone
1112,beginning of KotFE,1,OUTSIDE,OUTSIDE
1113,to do from it,1,OUTSIDE,it
1114,to fund a military than it to fund the poor people,1,OUTSIDE,it
1115,seeing invulnerable people flying around the map glitching into walls,1,OUTSIDE,i cod4 ufo people
1116,OUTSIDE,1,OUTSIDE,i prussian he prussia
1117,to hop on my cock,1,OUTSIDE,cock she bitch sense my
1118,invading installing a Khan on the throne,1,OUTSIDE,mongolia throne baghdad invading iraq you china
1119,"crying while I ""speaking  It""",1,OUTSIDE,i man baby she it
1120,OUTSIDE,1,OUTSIDE,wife you relationship fault your
1121,OUTSIDE,1,OUTSIDE,20 races middle-east
1122,loving liberal bias here on reddit to point out that the seal,1,OUTSIDE,OUTSIDE
1123,misrepresenting information in order to to push an agenda,1,OUTSIDE,it
1124,OUTSIDE,1,OUTSIDE,it servers their vives
1125,conspiracy him he we donald,0,conspiracy him he we donald,conspiracy him he we donald
1127,waving in all of its glory I to myself `` I,1,OUTSIDE,american glory glad i flag its we damn
1128,to understand,1,OUTSIDE,opinion their doorstep you torches your
1130,OUTSIDE,1,OUTSIDE,they korea ogn race it dae
1131,relying on early web article leaks,1,OUTSIDE,google
1132,OUTSIDE,1,OUTSIDE,texas it we way you
1133,to make a dysfunctional unitary state in Spain to to go to to waste,1,OUTSIDE,spain franco you
1134,to watch,1,OUTSIDE,i
1135,"""to orbit  Any other helpful advice""",1,OUTSIDE,advice you
1136,saying I to lie about my age,0,saying I to lie about my age,i age my
1137,OUTSIDE,1,OUTSIDE,we facebook insider
1138,talking about prison hard mode to revive team mates,1,OUTSIDE,skolas mates i team you
1140,enlightening response,1,OUTSIDE,OUTSIDE
1141,to move,1,OUTSIDE,family obamas nah it you feet
1142,working on,1,OUTSIDE,you kick eiffel your scale
1143,his i7 i piece it hey,0,his i7 i piece it hey,his i7 i piece it hey
1144,being released,1,OUTSIDE,few people
1145,OUTSIDE,1,OUTSIDE,license it my you film
1146,feeding him points,1,OUTSIDE,kane him he no line we
1147,filling your lungs with acrid smoke repressing proper immune function slowing your metabolic rate,1,OUTSIDE,lungs rate function your thing
1148,OUTSIDE,1,OUTSIDE,they he it ghana uruguay
1149,OUTSIDE,1,OUTSIDE,OUTSIDE
1150,to break the bad news to her that a random Internet stranger,1,OUTSIDE,i
1151,to check the time you to check your priorities we to wait for you to to see,1,OUTSIDE,it we priorities you time your
1152,putting the rights of the child first to treat his body as their personal property,1,OUTSIDE,body property his their
1153,OUTSIDE,1,OUTSIDE,it that magic
1154,Telling people that their own efforts to win them over to your way of thinking,1,OUTSIDE,efforts success thinking their them way your
1155,OUTSIDE,1,OUTSIDE,wrote horror it that lovecraftian facto
1156,to see a sequel so I can to be accurate,1,OUTSIDE,i my fan sinestro theory
1158,OUTSIDE,1,OUTSIDE,i her police son
1159,blowing things totally out of perspective making things,1,OUTSIDE,it
1160,lowering the cost to us consumers to cost savings,1,OUTSIDE,OUTSIDE
1161,to get their shit together until they,1,OUTSIDE,they their level shit people
1162,having class neutral removal to slam your entire board into them to to clear,1,OUTSIDE,your them class board you handlock giants
1163,being told to Man up to Man up,1,OUTSIDE,he man that you sexism
1164,OUTSIDE,1,OUTSIDE,scoot frodo cuz we
1165,seeing that the bombings of civillians in Japan,1,OUTSIDE,japan eupoorians we you me
1166,to be dumb,1,OUTSIDE,it we days
1167,to surf reddit for 6 hours,1,OUTSIDE,i work bro paycheck it my
1168,OUTSIDE,1,OUTSIDE,chests you
1169,assuming he being employed by the military,1,OUTSIDE,he his i freedom heart
1170,OUTSIDE,1,OUTSIDE,i londinium you
1171,to teach any perverse sex ed in the schools,1,OUTSIDE,they bible nah sex
1172,OUTSIDE,1,OUTSIDE,they children them it we
1173,to ask questions about an interesting,1,OUTSIDE,assholes pokemon
1174,to think it might,1,OUTSIDE,he his it you comments jews
1175,capturing them only,1,OUTSIDE,i them stat
1176,giving a cut to those modders for the hours they,1,OUTSIDE,they modders cut we that you shame mods
1177,to do it,0,to do it,it you
1178,OUTSIDE,1,OUTSIDE,i my questions
1179,to make decisions like that,1,OUTSIDE,they our decisions that playing experience
1180,"including Amnesty ""to trust a report funded by the **  Friends of Israel Initiative  ** over every human rights group on earth""",1,OUTSIDE,i human report israel watch amnesty cool
1181,publishing fake information,0,publishing fake information,bitpay source money
1183,looking plants looking at different pictures to have it all in one post,1,OUTSIDE,i it you plants imgur
1184,to go sit in at a town hall meeting,1,OUTSIDE,i vote my boss
1185,to make fire to to heat the clay,1,OUTSIDE,you
1186,OUTSIDE,1,OUTSIDE,refrigeration no chinese people color
1187,destroying the traditional character of the rest of the Bay Area to preserve the traditional character of San Francisco,1,OUTSIDE,it
1188,OUTSIDE,1,OUTSIDE,they term i std health
1189,going on vacations to Japan for the past 7 years since Jon,1,OUTSIDE,japan grumps jon
1190,"""to put their kids  safety over the safety of some random dude with a bullet hole in him""",1,OUTSIDE,him yep their safety kids
1191,sporting events,1,OUTSIDE,they we
1192,to think Honda to tell us for reasons,1,OUTSIDE,his he civic i us sponsors honda
1193,to show off,1,OUTSIDE,i atlantic
1194,to buy it for you to get it for yourself,1,OUTSIDE,yourself employer it you your
1195,to late thirties,1,OUTSIDE,they mid their nxt forty
1196,supporting this bill to use quotes from 1854,0,supporting this bill to use quotes from 1854,bill argument research i
1197,OUTSIDE,1,OUTSIDE,i you ohh me growth
1198,OUTSIDE,1,OUTSIDE,i of drawing you me single
1199,OUTSIDE,1,OUTSIDE,they it
1200,throwing pepperoni,1,OUTSIDE,guy
1201,to believe that all of r/tumblrinaction to believe most stories,1,OUTSIDE,it their homes
1202,"missing out on anything ""to deny them young women s""",1,OUTSIDE,it them
1203,facing forward on my head-tube to to cut,1,OUTSIDE,i it my
1204,OUTSIDE,1,OUTSIDE,guitar i technique shitty it my
1205,getting excited showing some emotion in the cast,1,OUTSIDE,him his he ye ways shit
1206,saying leading their life in a way that I,1,OUTSIDE,they i of their saying someone that life
1207,OUTSIDE,1,OUTSIDE,OUTSIDE
1208,saying,1,OUTSIDE,i it we saying you expert
1209,talking about that dirty loving god of Abraham Christians To make sure you,1,OUTSIDE,god i muslims you abraham dirty
1210,nothing she,0,nothing she,nothing she
1211,i oc he you,1,OUTSIDE,it he
1212,silver he,1,OUTSIDE,him word he
1213,range me he i,1,OUTSIDE,venezuelan maduro
1214,he this i player she hockey difference,1,OUTSIDE,you
1215,i portrayal polish,1,OUTSIDE,i xd he lol
1216,myself kawaii my you language knowledge your,1,OUTSIDE,quote themselves
1217,hitting lot his he i my cub,1,OUTSIDE,this it we energy that world point
1218,yea i you gun difference,1,OUTSIDE,i that look hormones
1219,rank i my allies mmr,1,OUTSIDE,i its it game
1220,it he nah you,1,OUTSIDE,i camera player hud my
1221,sanders npr i clinton their line coverage,1,OUTSIDE,them
1222,he sure trump that rape,1,OUTSIDE,it valve
1223,sister she project your phd,1,OUTSIDE,they i missing it me
1224,i couple list that rankings you me your,1,OUTSIDE,policies day future
1225,to get real toned for summer,1,OUTSIDE,i amount
1226,"""being called Canadian Geese """,1,OUTSIDE,they i us it geese
1228,OUTSIDE,1,OUTSIDE,your bluray you media computer
1229,to make eye contact with me,1,OUTSIDE,i me day
1230,to repel a violent attacker to protest,1,OUTSIDE,they it woman
1231,being upset about Day 1 DLC being upset about gay marriage being until now,1,OUTSIDE,OUTSIDE
1233,doing 60 % of your hp i,0,doing 60 % of your hp i,hp your player
1234,everthing through sheer brilliance,1,OUTSIDE,his i guy goodwill it hunting time
1235,running right now,0,running right now,i part lol
1236,to drive that day,1,OUTSIDE,it neck day you
1237,to get free money,1,OUTSIDE,OUTSIDE
1238,to stay out of our country,1,OUTSIDE,country our i their history them it damn world
1239,"""running out of wars in the middle east that we probably should nt"" to fight",1,OUTSIDE,country i good we my
1240,identifying a rapist before he,1,OUTSIDE,OUTSIDE
1241,OUTSIDE,1,OUTSIDE,our i it incredibly you
1242,parking lane might,1,OUTSIDE,it him he lane
1244,to make to deal with this issue,1,OUTSIDE,i issue program
1245,pretending something punishing kids for knowing about things to help kids not,1,OUTSIDE,something way kids
1246,OUTSIDE,1,OUTSIDE,i it you me rest
1247,to do,1,OUTSIDE,he his mom her friend speak
1248,OUTSIDE,1,OUTSIDE,i she
1249,to get a $ 400 copy to install,1,OUTSIDE,pain i it that copy
1250,spending twice as much time wiping in LFR to find the to do it,1,OUTSIDE,it lfr you
1251,being a hysterical woman,1,OUTSIDE,i that trump people
1252,raising educating themselves to to care for two adults while also to feel upset,1,OUTSIDE,OUTSIDE
1253,to die in a car accident,1,OUTSIDE,they point i
1254,saying to rid her of this allergy,1,OUTSIDE,kid this i her allergy saying that you
1255,to return the obsolete,1,OUTSIDE,they obsolete i you
1256,OUTSIDE,1,OUTSIDE,crosswalk it that you hey
1257,to work with wood than they,1,OUTSIDE,they their opinion pursuits wood it we someone
1259,playing on to travel to every City in every country,1,OUTSIDE,connect you isp your everything
1261,to liberate you from the shackles of the oppressive lack of an open Android Market,1,OUTSIDE,we day you destitute your lack
1262,to be your first to lose your virginity to him,1,OUTSIDE,him he fuck virginity you your
1263,thinking of the wrong Buffalo Sabres fucking dogshit for years,1,OUTSIDE,OUTSIDE
1264,"""to work part time at McDonald s""",1,OUTSIDE,debt i loan mcdonald student part healthcare my pto
1265,i oc he you,0,i oc he you,i oc he you
1266,to drop everything to be,1,OUTSIDE,he obligation it you relationship your
1267,going home 8-0 bullying to take their stuff,1,OUTSIDE,stuff their bullying it someone
1268,working harder at the cost of a reduced quality of life to working harder at the cost of a reduced quality of life,1,OUTSIDE,him his he i dedication
1269,hurting their feelings,1,OUTSIDE,they their them it feelings kids
1270,to dedicate myself to my common man,1,OUTSIDE,nothing this myself man itself we my pursuit
1271,to complain on Reddit then to to play the actual game,1,OUTSIDE,OUTSIDE
1272,rushing touchdowns as Tom Brady,1,OUTSIDE,option read peyton
1273,having a tiny bit of LSD to get out of prison,1,OUTSIDE,lwop guy lsd bit
1275,gambling with skins to be made virtually impossible,1,OUTSIDE,franchise years that
1276,communicating with you to have the priviledge of,0,communicating with you to have the priviledge of,i you me your iq
1277,to see a strike to damage,1,OUTSIDE,front him i strike it you
1278,OUTSIDE,1,OUTSIDE,him posting she
1279,to criticize,1,OUTSIDE,OUTSIDE
1280,killing the oppressed angelic black child Travon Benjamin Martin to eat his skittles,1,OUTSIDE,skittles it his
1281,to bug the apc out of the map into the dz6 to to lure cleaners to it,1,OUTSIDE,they it
1282,inhaling formaldehyde to be believed to kill ourselves by,1,OUTSIDE,ourselves hands our fda we
1283,coming out to come out,1,OUTSIDE,women only it you
1284,annoying with all their whining to deal with their stuff,1,OUTSIDE,OUTSIDE
1285,funding for families forced to to add funding/resources for Special Needs Education to have a child with an incurable disease,1,OUTSIDE,i education needs
1287,OUTSIDE,1,OUTSIDE,i years buffalo you
1289,OUTSIDE,1,OUTSIDE,did pet itself cat you
1290,OUTSIDE,1,OUTSIDE,i we martial guys
1291,silver he,0,silver he,silver he
1292,stalking people,1,OUTSIDE,you
1293,range me he i,0,range me he i,range me he i
1294,to save us money,1,OUTSIDE,us we juice you company money
1295,walking out of the white house,1,OUTSIDE,taqiyah fist my
1296,to be balanced so one bloke in an av weapon can,1,OUTSIDE,bloke
1297,saying I to keep a scientific mindset,1,OUTSIDE,i answer it we my question you your
1298,OUTSIDE,1,OUTSIDE,yea
1299,being of working age will,1,OUTSIDE,i aye their socks
1300,counting ballots to be open at 1 AM still,1,OUTSIDE,i explanation
1301,OUTSIDE,1,OUTSIDE,stds you go
1302,driving up to an RV on fire on a crowded to take video,1,OUTSIDE,your phone you
1303,OUTSIDE,1,OUTSIDE,skin i it border you game hours
1304,lying blackmailing her assaulter to hear that thousands of people,0,lying blackmailing her assaulter to hear that thousands of people,her assaulter she that rape lying thing
1306,to run into that they to evolve to to be squishy enough to to absorb the shock,1,OUTSIDE,they them there panes
1307,disgusting westernized trash,1,OUTSIDE,art your trash you
1308,going rate on 1 year of life these days to die a year earlier now..,1,OUTSIDE,rate days you
1309,Posting questions on reddit to make a database of usernames to blackmail and/or,1,OUTSIDE,i
1310,screwing over tens of thousands of purchasers in the US alone,1,OUTSIDE,they i their us program it
1311,to be at least 6/10 to even,1,OUTSIDE,you
1312,preloading now by sliding the receipt you preordering into the disc drive to download it,1,OUTSIDE,it you
1313,he this i player she hockey difference,0,he this i player she hockey difference,he this i player she hockey difference
1314,to become filled with American Idol,1,OUTSIDE,i all shit you
1315,OUTSIDE,1,OUTSIDE,we his wife
1316,OUTSIDE,1,OUTSIDE,women us woman men conversation you every
1317,OUTSIDE,1,OUTSIDE,it klingons
1318,to Miami the world,1,OUTSIDE,it world
1319,to know each other,1,OUTSIDE,dick i it my you
1320,OUTSIDE,1,OUTSIDE,week
1321,OUTSIDE,1,OUTSIDE,i you
1322,shipping regular UPS ground they will to tell you your package,1,OUTSIDE,they its package way you your
1323,to have forgotten to to charge their phone over night to get up at different times of day,1,OUTSIDE,it their night phone
1324,OUTSIDE,1,OUTSIDE,they their it ear op times
1325,cosleeping being separated from the parent for even a nanosecond without,1,OUTSIDE,cosleeping
1326,OUTSIDE,1,OUTSIDE,capped our lifecycle i loss their that area life
1328,firing air to air missiles at a single target,1,OUTSIDE,i wings them my air
1329,to throw it back in arr,0,to throw it back in arr,it hey civics you
1330,OUTSIDE,1,OUTSIDE,they them us their mcdonald throats
1331,fixing the game from the M1 Irons update,1,OUTSIDE,we thing
1332,to believe in it,1,OUTSIDE,i relief it that warming
1333,OUTSIDE,1,OUTSIDE,his guy grandmother family dog
1334,OUTSIDE,1,OUTSIDE,OUTSIDE
1336,doing,1,OUTSIDE,it us hell doing
1337,sucking up all the funds to pay a music,1,OUTSIDE,its state money
1338,making them not guilty,1,OUTSIDE,them gene you
1339,OUTSIDE,1,OUTSIDE,they i them pilots lots oldies
1340,OUTSIDE,1,OUTSIDE,OUTSIDE
1341,to find an answer,1,OUTSIDE,i us answer sub that
1342,to be helpful,1,OUTSIDE,i her she bitch you
1343,understanding that European countries,1,OUTSIDE,i european time everyone
1344,to get our own 2nd back,1,OUTSIDE,offer toronto our saad it we sheet
1345,to do in the game I will no longer to do,1,OUTSIDE,i game
1346,grinding for sword mats at 2 AM to find your phone,1,OUTSIDE,your phone you
1347,OUTSIDE,1,OUTSIDE,they jump it that pussy
1348,to fuck 500 douche bags at once while you,1,OUTSIDE,OUTSIDE
1349,OUTSIDE,1,OUTSIDE,they affirmations i their you
1350,OUTSIDE,1,OUTSIDE,him god we my hell you stutter
1351,to survive,1,OUTSIDE,it we water scientists
1352,demanding Pakistani crickets to to be allowed to,1,OUTSIDE,indian ipl crickets pakistani
1353,running to get a tutorial to N3DS GW users on to update Sm4sh to 1.0.8,0,running to get a tutorial to N3DS GW users on to update Sm4sh to 1.0.8,n3ds sm4sh running that dlc
1354,to load up a game feels like an eternity,1,OUTSIDE,he eternity you your computer
1355,to read the link,1,OUTSIDE,they i europe it healthcare
1356,OUTSIDE,1,OUTSIDE,we opinion that game
1358,to ignore,1,OUTSIDE,OUTSIDE
1359,drinking to do to start a relationship with a person,1,OUTSIDE,they i their it feelings drinking thing
1360,OUTSIDE,1,OUTSIDE,it them stage you
1361,to implement the new world order,1,OUTSIDE,conservatives world
1362,to play in,1,OUTSIDE,i it you
1363,na see the entire facility get destroyed,1,OUTSIDE,feels
1364,doing it for charity,1,OUTSIDE,they he our it mps charity
1366,to be fair for you to be *more* fair for me,0,to be fair for you to be *more* fair for me,feminism i them way fair you things me
1367,OUTSIDE,1,OUTSIDE,i nycfc future
1368,OUTSIDE,1,OUTSIDE,it
1369,OUTSIDE,1,OUTSIDE,they them pretend
1370,OUTSIDE,1,OUTSIDE,it ideas their islam
1372,to be worth more then gold in a few years you just,1,OUTSIDE,mags dude ar15 you
1373,OUTSIDE,1,OUTSIDE,our i shirts days we _duce_
1374,going they will probably `` existing plans by forcing everyone over to unlimited,1,OUTSIDE,they simplify everyone
1375,OUTSIDE,1,OUTSIDE,i that marketing
1376,to post a meme,1,OUTSIDE,damn them
1377,OUTSIDE,1,OUTSIDE,he skin we racist you your
1378,to do 1440p 60fps,0,to do 1440p 60fps,hidden its directx it gpu
1379,i portrayal polish,0,i portrayal polish,i portrayal polish
1380,thinking Muslim men,1,OUTSIDE,they i dicks muslim time
1381,to imply that all black people,1,OUTSIDE,it we
1382,stating our right to to bear arms shall not,1,OUTSIDE,OUTSIDE
1383,to become fully fledged final products within a few years,1,OUTSIDE,list feature you their
1384,OUTSIDE,1,OUTSIDE,naw he
1385,winning losing,1,OUTSIDE,losing aspect their it strats hiding winning
1386,to weave a narrative,1,OUTSIDE,perpetrators we kinds media
1387,winning method hitting random on Wikipedia to to keep to come across a not so interesting to mine karma with,1,OUTSIDE,article method
1388,to differentiate between harmless mods,1,OUTSIDE,i cheating it files mods
1389,to be able to to phase out in the next 4-5 weeks,1,OUTSIDE,they hsbc weeks
1390,to continue until the pinnacle of human achievement,1,OUTSIDE,child you
1391,to get us,1,OUTSIDE,football teams us my homers
1392,to send them a reply e-mail,0,to send them a reply e-mail,them industry trick heck
1393,OUTSIDE,1,OUTSIDE,everyone
1394,OUTSIDE,1,OUTSIDE,smoke you
1395,OUTSIDE,1,OUTSIDE,him he sex i yea you
1396,"regarding Peyton ""attacking Brady because of Deflategate could nt possibly"" to do with that `` victim complex",1,OUTSIDE,peyton deflategate hgh lack brady
1397,celebrating with plane travel to be,1,OUTSIDE,they i plane her she it partner year
1398,OUTSIDE,1,OUTSIDE,dude he
1399,producing a show to spread the good word of mls,1,OUTSIDE,OUTSIDE
1400,spending time with his babies by four mamas to start junior college in the fall,1,OUTSIDE,his he this racist babies
1401,myself kawaii my you language knowledge your,0,myself kawaii my you language knowledge your,myself kawaii my you language knowledge your
1402,hitting lot his he i my cub,1,OUTSIDE,they yep their running crime
1403,yea i you gun difference,1,OUTSIDE,hack its genius you life people
1404,rank i my allies mmr,1,OUTSIDE,obamacare
1405,it he nah you,1,OUTSIDE,OUTSIDE
1406,sanders npr i clinton their line coverage,1,OUTSIDE,they man community blizzard
1407,he sure trump that rape,1,OUTSIDE,year
1408,sister she project your phd,1,OUTSIDE,he his knowing this i man that medicine
1409,i couple list that rankings you me your,1,OUTSIDE,it
1410,hitting lot his he i my cub,0,hitting lot his he i my cub,hitting lot his he i my cub
1411,fighting near a red sun getting pummeled by a being with equal power to him he just,1,OUTSIDE,him home he superman sun you
1412,to bet everything I,1,OUTSIDE,i he
1413,to cure himself of his obvious hatred of,1,OUTSIDE,himself his hatred man arabs muslims order
1414,saying that Orpik to recall the Caps,1,OUTSIDE,they him orpik i part
1415,seeing a trend here,1,OUTSIDE,toy i wait you trend
1416,to use the same excuse to to get off without a problem too,1,OUTSIDE,OUTSIDE
1417,tracking number in your clipboard,1,OUTSIDE,they your clipboard you
1418,getting more tattoos while frantically looking for a front desk job at a business building for finer people,1,OUTSIDE,i op people
1419,to get here,1,OUTSIDE,post army them shooter we
1420,improving our infrastructure using a bathroom banning civil rights lawsuits to make sure that,1,OUTSIDE,infrastructure our we that money bathroom
1421,shining,1,OUTSIDE,i shining scotland
1422,shaming them repeatedly in their inbox will bankrupting themselves for a magazine not enough people to read,1,OUTSIDE,i them their minds themselves people inbox
1423,OUTSIDE,1,OUTSIDE,i it time
1424,OUTSIDE,1,OUTSIDE,i you
1425,OUTSIDE,1,OUTSIDE,statement koolaid claim statements my you
1426,"""talking about the head of jony ive s design firm"" charging port",1,OUTSIDE,we sim
1427,to meet a muslim,0,to meet a muslim,muslim he religion
1428,walking dead to start to find a halloween costume to give a shit,1,OUTSIDE,dude
1429,assuming rates based off demonic thrones,1,OUTSIDE,osrs hey gp
1430,doing absolutely nothing for the past 2,1,OUTSIDE,you
1431,saying that ONE line of scripture caused Christianity to taking the rest of it out of context to be able to to justify people,1,OUTSIDE,i it he
1432,OUTSIDE,1,OUTSIDE,dumpsters pay her you defense
1433,to give alms to the poor,1,OUTSIDE,friends my
1434,forcing me to pushing that grind stone to do my schoolwork AGAINST MY WILL,1,OUTSIDE,against schoolwork stone i grind my slave me parents
1435,dialing up the POTUS for some profitable favors to monetarily,1,OUTSIDE,favors potus speech harm
1436,to have long hair so they can to rape her,1,OUTSIDE,they it her womxn
1437,to tell us all about it,1,OUTSIDE,i it us
1438,achieving success,1,OUTSIDE,because men
1440,to pay the tax on the original retail price to get it out the door,1,OUTSIDE,price man it that you
1441,to do in relationships,1,OUTSIDE,i it them things
1442,OUTSIDE,1,OUTSIDE,it death
1443,drinking one of the cheapest beers on the market riding my bike instead of driving definitely,1,OUTSIDE,beers i yeah neighbors my bike
1444,rocketing toward their home,1,OUTSIDE,they gilead home balm their them anyone
1445,telling him to to kill people,1,OUTSIDE,OUTSIDE
1446,OUTSIDE,1,OUTSIDE,messages children our them we care health
1447,to play mono-colored decks,1,OUTSIDE,problem decks it card
1448,to be all special,0,to be all special,german you
1449,to use this to to surprise Sheev,0,to use this to to surprise Sheev,vader him he sheev
1450,having to have an excuse for nothing,1,OUTSIDE,they riot nothing having
1451,"""working out all the kinks in Siri s joke repertoire instead of actually"" making her useful to to use",1,OUTSIDE,i repertoire apple siri
1452,overseeing all military intelligence operations from now on,0,overseeing all military intelligence operations from now on,i operations we charge speech
1453,to sack any teacher,1,OUTSIDE,catholic children lifestyle i my
1454,getting married in countries getting married,1,OUTSIDE,they majority i shinto christian buddhism hinduism
1456,to get everyone to to use up all their pokeballs so that to buy more pokeballs,1,OUTSIDE,they pokeballs their it everyone
1457,OUTSIDE,1,OUTSIDE,it we freedom obama
1458,OUTSIDE,1,OUTSIDE,i payoff
1459,yea i you gun difference,0,yea i you gun difference,yea i you gun difference
1460,OUTSIDE,1,OUTSIDE,they something them it yeah way that
1461,OUTSIDE,1,OUTSIDE,kettles use brew you
1462,to be treated like a princess,1,OUTSIDE,they them princess
1463,to give all our money to Mexicans,1,OUTSIDE,mexicans he our i wages my money
1464,OUTSIDE,1,OUTSIDE,it baidugo
1465,OUTSIDE,1,OUTSIDE,they it company i
1466,to leaver her,1,OUTSIDE,him he her she we
1467,dating,1,OUTSIDE,dating
1468,outjumping DBs on deep routes,1,OUTSIDE,seattle routes corps receiving receivers flacco dbs
1469,losing soo Fuck this,1,OUTSIDE,i we lineup
1470,to look like the men in these adverts,1,OUTSIDE,pressure adverts i man men
1471,rank i my allies mmr,0,rank i my allies mmr,rank i my allies mmr
1472,OUTSIDE,1,OUTSIDE,we government efficiency
1473,OUTSIDE,1,OUTSIDE,it letter craftsmanship
1474,to be 16,1,OUTSIDE,i mom that you your
1475,to replace the entire system,1,OUTSIDE,it chassis you component
1476,OUTSIDE,1,OUTSIDE,north south
1477,OUTSIDE,1,OUTSIDE,they we fbi folks
1478,OUTSIDE,1,OUTSIDE,it we games my ip you day your
1479,OUTSIDE,1,OUTSIDE,i it you time readers
1480,talking about a fundamental change to the way the game,1,OUTSIDE,i you reality this
1481,OUTSIDE,1,OUTSIDE,this i man it that me game
1482,"""merging Australia "" to kick them out of the EU",1,OUTSIDE,eu we way them
1483,learning Italian by now,1,OUTSIDE,him mata guys italian squad
1484,grinding them hundreds of times in hopes of a rare drop to grind it hundreds of times more,1,OUTSIDE,value them it you hundreds
1485,OUTSIDE,1,OUTSIDE,man us it you gas
1486,selling your children to do,1,OUTSIDE,society children it you your thing
1487,giving us SD card slots encouraging us to to use their cloud services,1,OUTSIDE,they i us their it services sd cloud card
1488,forgetting that you to make the decisions for you,1,OUTSIDE,i man you
1489,getting his slushie to disconnect the trailer,1,OUTSIDE,it he slushie his
1490,creating artificial intelligence,1,OUTSIDE,no we he intelligence
1491,na do because your parents can,1,OUTSIDE,they it you me pop your parents
1492,OUTSIDE,1,OUTSIDE,career yourself best bands man you things me your
1493,becoming a disrespectful to hit kids,1,OUTSIDE,mother them ass their
1494,to get into Canada with the plan to to hide for 80 years to to become citizens,1,OUTSIDE,i canada citizen she
1495,doing everything they can to to stop the bad ones,1,OUTSIDE,they them apples you death
1496,OUTSIDE,1,OUTSIDE,they wheel logos that you your
1497,OUTSIDE,1,OUTSIDE,it them you
1498,to have streets filled with half dressed homeless people,1,OUTSIDE,i them towns garbage my you
1499,to abide by this agreement to gain an advantage over those,1,OUTSIDE,OUTSIDE
1501,to get DLC first to let Xbox,1,OUTSIDE,they xbox them playstation it dlc
1502,voting democrat to immorality.. You,1,OUTSIDE,they beach you
1503,OUTSIDE,1,OUTSIDE,i yoke that you
1504,gaming message boards to say my `` two to be a pompous prick on,1,OUTSIDE,it i
1505,convicting a low life smuck to convict someone based on that alone,1,OUTSIDE,case race it that you alone
1506,OUTSIDE,1,OUTSIDE,they case price link that
1507,calling Sky News cowards to stand up to Al-Qaeda,1,OUTSIDE,i isis themselves
1508,putting the bottle to their lips to drink,1,OUTSIDE,i ability lips their them we
1509,to handle it with the grace,1,OUTSIDE,they ucl epl it sobriety
1510,overflowing with gentleness to come out to to such a warm,0,overflowing with gentleness to come out to to such a warm,i warm mother compassionate you
1511,buying that he really just wanted to to use the magic of chemistry to to grow his,1,OUTSIDE,i your he baby
1512,OUTSIDE,1,OUTSIDE,it fallout
1513,coming home after a hard day at work to unwind,1,OUTSIDE,i day
1514,missing the point to choose to live as the rest of the world will,1,OUTSIDE,they rest we your point
1516,spacing part he probably wording sounds an awful lot like warding,0,spacing part he probably wording sounds an awful lot like warding,doublelift strength he rubbed warding
1517,"suggesting that they only ""to leak it to Wikileaks """,0,"suggesting that they only ""to leak it to Wikileaks """,they it evidence wikileaks you dnc
1518,OUTSIDE,1,OUTSIDE,OUTSIDE
1519,to prevent STDs,1,OUTSIDE,we stds til hiv
1520,it he nah you,0,it he nah you,it he nah you
1521,to play,1,OUTSIDE,him his i partners season rates
1522,"to RH to ""to use on TH s bed so he could further""",1,OUTSIDE,borrowed them he
1523,OUTSIDE,1,OUTSIDE,our i it leader iraq
1524,OUTSIDE,1,OUTSIDE,it adult you life your
1525,to wear,1,OUTSIDE,they it hydra
1526,OUTSIDE,1,OUTSIDE,they qualities behaviour
1527,sanders npr i clinton their line coverage,0,sanders npr i clinton their line coverage,sanders npr i clinton their line coverage
1528,OUTSIDE,1,OUTSIDE,he
1529,protecting the environment should firing a rifle around,1,OUTSIDE,they environment group someone that organism your
1530,OUTSIDE,1,OUTSIDE,they it scandal i
1531,OUTSIDE,1,OUTSIDE,they it oil
1532,making a prospective visitor/client/etc finding you instead of just giving them the details,0,making a prospective visitor/client/etc finding you instead of just giving them the details,it them you
1533,to have circles,1,OUTSIDE,i draplin it that op anything everything
1534,blocking their views of the unspoilt harbour as soon as one may living on a barge to high heaven for,1,OUTSIDE,OUTSIDE
1535,OUTSIDE,1,OUTSIDE,country problem government this
1536,to make it more obvious that it would to control all the reapers,1,OUTSIDE,i it idea
1537,"""to gag on my cock so maybe you ll""",1,OUTSIDE,i cock brazilian yeah my you game your
1538,OUTSIDE,1,OUTSIDE,bill products csa you ceo
1539,OUTSIDE,1,OUTSIDE,i me missed tell don
1540,OUTSIDE,1,OUTSIDE,them lol you
1541,to steal the spotlight from poor Dean Ambrose to drive in a cop van,1,OUTSIDE,he cop
1542,including XL ) generations of the damn thing,1,OUTSIDE,it anything dss
1543,OUTSIDE,1,OUTSIDE,brethren existence he his
1544,OUTSIDE,1,OUTSIDE,he i guy arabic it
1545,"""being `` nice  in a message clearly"" to take his anger out on anyone",1,OUTSIDE,him his presence nice anger
1546,"""demeaning 95 % of all reddit s demographic base by"" saying they",1,OUTSIDE,OUTSIDE
1547,he sure trump that rape,0,he sure trump that rape,he sure trump that rape
1548,OUTSIDE,1,OUTSIDE,they he sentence quick
1550,winning kick to set up Walsh for the game,1,OUTSIDE,defense we ads kick
1551,to solo something to have to,1,OUTSIDE,itd you
1553,OUTSIDE,1,OUTSIDE,it game
1554,convincing sales pitches,1,OUTSIDE,pitches sales velvet
1555,OUTSIDE,1,OUTSIDE,it form australia she
1556,sister she project your phd,0,sister she project your phd,sister she project your phd
1557,getting the presidency,1,OUTSIDE,it
1558,OUTSIDE,1,OUTSIDE,OUTSIDE
1559,joking to let him to be put in his place,0,joking to let him to be put in his place,sjw him his joking place it you anything thing
1560,being scared of being falsely accused of rape being scared of getting raped really,1,OUTSIDE,it rape me you
1561,knowing I to pop out,1,OUTSIDE,fence i second you me
1564,sharing then just being a scene dump like some other trackers to care more about quality,1,OUTSIDE,absurd
1565,OUTSIDE,1,OUTSIDE,thy i mouth you your
1566,OUTSIDE,1,OUTSIDE,they it time you
1567,being able to to earn more money than any other profession while to watch netflix,1,OUTSIDE,it game
1568,to be that guy,1,OUTSIDE,hate this i guy sort it attacker
1569,rolling in for the Tea Partiers,1,OUTSIDE,damage
1570,to do than,1,OUTSIDE,i we emails that day administrator your
1571,OUTSIDE,1,OUTSIDE,they it someone them
1572,i couple list that rankings you me your,0,i couple list that rankings you me your,i couple list that rankings you me your
1573,OUTSIDE,1,OUTSIDE,i silk
1574,being in a relationship being a broke ass all the time,1,OUTSIDE,broke their ass you
1575,screaming,1,OUTSIDE,hosnian system them screaming
1576,to proclaim on her FB page that `` ( Reddit,1,OUTSIDE,sister amp page her it that mysogyny you reddit
1577,fixing the trains to spend the money,1,OUTSIDE,they mess
1578,,1,OUTSIDE,i violation you